text,label,start_char,end_char,wikidata_qid,geonames_id,note,visited_type,visited_type_note
Derde Brief,F2_Expression,6,17,,,,,
Cassel,E53_Place,21,27,Q2865,2892519,,IN,"refers to the place the letter is written from, so the narrator is currently IN Cassel"
7 July 1816,E52_Time_Span,32,43,,,,,
eene halve dag,E52_Time_Span,100,114,,,,,
Paderborn,E53_Place,119,128,Q2971,2855745,,IN,
ryden,Mode_of_Transportation,146,151,,,,,
dien nagt,E52_Time_Span,184,193,,,,,
Warburg,E53_Place,210,217,Q968,2814153,,IN,
volgende avond,E52_Time_Span,243,257,,,,,
5 uuren,E52_Time_Span,258,265,,,,,
Paderborn,E53_Place,314,323,Q2971,2855745,,IN,
Cassel,E53_Place,404,410,Q2865,2892519,,NO REL,Meta description of Cassel
reden,Mode_of_Transportation,460,465,,,,,
Donderdag,E52_Time_Span,470,479,,,,,
1 uur,E52_Time_Span,495,500,,,,,
Extrapost,Mode_of_Transportation,505,514,,,,,
Paderborn,E53_Place,519,528,Q2971,2855745,,FROM,Leaving from Paderbon
Hoxenberg,E18_Physical_Thing,622,631,NIL,NIL,"probably archaic spelling for 'Haxterberg',  south of Paderborn. Not present in ",THRU,
Paderborn,E53_Place,712,721,Q2971,2855745,,NEAR,Paderborn in seen here
7 bergen,E18_Physical_Thing,830,838,NIL,NIL,,THRU,
Dornhagen,E53_Place,961,970,Q1271329,2935704.0,,NEAR,
Grondsteinheim,E53_Place,1044,1058,Q1550705,2914314.0,,NEAR,
langen tyd,E52_Time_Span,1136,1146,,,,,
rytuig,Mode_of_Transportation,1166,1172,,,,,
reden,Mode_of_Transportation,1306,1311,,,,,
3½ uur,E52_Time_Span,1318,1324,,,,,
Lichtenau,E53_Place,1366,1375,Q183483,2878133,https://www.meyersgaz.org/place/20061025,TO,"Actually, it is also the FROM... ambigious"
Neuhaus,E53_Place,1443,1450,Q1339298,2865152,,NO REL,Mention only
Paderborn,E53_Place,1454,1463,Q2971,2855745,,NO REL,Mention only
Cassel,E53_Place,1635,1641,Q2865,2892519,,NO REL,"They did not manage to reach Cassel yet, so this span is NO REL"
vijf vieren deel uur,E52_Time_Span,1728,1748,,,,,
zes paarden,Mode_of_Transportation,1778,1789,,,,,
4 paarden,Mode_of_Transportation,1838,1847,,,,,
Paderborn,E53_Place,1906,1915,Q2971,2855745,,NO REL,Refers to previous event in paderborn
6 paarden,Mode_of_Transportation,2127,2136,,,,,
wagen voor zeven personen,Mode_of_Transportation,2309,2334,,,,,
twee van vier,Mode_of_Transportation,2361,2374,,,Twee wagens voor vier personen,,
Munstersche wagen,Mode_of_Transportation,2431,2448,,,,,
vorige dag,E52_Time_Span,2507,2517,,,,,
Extrapost,Mode_of_Transportation,2625,2634,,,,,
reden,Mode_of_Transportation,2655,2660,,,,,
5 uur,E52_Time_Span,2674,2679,,,,,
wagen,Mode_of_Transportation,2696,2701,,,,,
koffers,E19_Physical_Object,2809,2816,,,,,
4 jonge paarden,Mode_of_Transportation,2867,2882,,,,,
met 4 paarden bespannen rytuig,Mode_of_Transportation,2951,2981,,,,,
wagen,Mode_of_Transportation,3099,3104,,,,,
hooge bergen,E18_Physical_Thing,3341,3353,NIL,NIL,,IN,Could be THRU as well
bergen,E18_Physical_Thing,3448,3454,NIL,NIL,,NEAR,ingesloten door bergen' = near
wagen,Mode_of_Transportation,3655,3660,,,,,
koffer,E19_Physical_Object,3752,3758,,,,,
Kleinenberg,E53_Place,3812,3823,Q1746571,2889463.0,,THRU,gepasseerd' = through
uitgestrekt bosch,E53_Place,3859,3876,,,,IN,"Could also be THRU, there are in the woods but also seem to leave again quickly..."
Hardehauserwoud,E53_Place,3900,3915,Q1775300,2910659,Hardehausen forest,IN,"Could also be THRU, there are in the woods but also seem to leave again quickly..."
klooster,E18_Physical_Thing,3933,3941,Q1775300,NIL,klooster hardehausen,NO REL,"No visit to the monastery, but the forest is named after it"
Desenberg,E18_Physical_Thing,4047,4056,Q1200563,2937965.0,,NEAR,"They saw the Desenberg, = NEAR"
een uur,E52_Time_Span,4057,4064,,,,,
Warburg,E53_Place,4071,4078,Q968,2814153,,NEAR,"refers to how far the Desenberg is from Warburg, so this entity is NEAR, although arguably it could be NO REL (too far away?)"
8 uur,E52_Time_Span,4128,4133,,,,,
Ossendorf,E53_Place,4142,4151,Q2034601,2856859.0,,TO,arrived in' 
posthuis,E18_Physical_Thing,4202,4210,NIL,NIL,,NEAR,Context tells the travel group is not IN but NEAR
Ocksendorf,E53_Place,4252,4262,Q2034601,2856859,Here tbe auhor describes how he mispronounced Ossendorf.... So should Ocksendorf,NO REL,refers to how the village is called (discussion about Ocksen- or Ossendorf)
Ossendorf,E53_Place,4310,4319,Q2034601,2856859.0,,NO REL,refers to how the village is called (discussion about Ocksen- or Ossendorf)
Ossen,E53_Place,4364,4369,Q2034601,2856859,,FROM,This mention of Ossendorf actually refers to the activity of deciing to leave again with 'Extrapost' so it is FROM
Ocksendorf,E53_Place,4373,4383,Q2034601,2856859,,FROM,This mention of Ossendorf actually refers to the activity of deciing to leave again with 'Extrapost' so it is FROM
Extrapost,Mode_of_Transportation,4448,4457,,,,,
postwagen,Mode_of_Transportation,4476,4485,,,,,
postwagen,Mode_of_Transportation,4694,4703,,,,,
avond,E52_Time_Span,4803,4808,,,,,
Warburg,E53_Place,4814,4821,Q968,2814153,,TO,Walk TO Warburg FROM Ossendorf
groot uur,E52_Time_Span,4827,4836,,,,,
wandelden,Mode_of_Transportation,4847,4856,,,,,
dien nagt,E52_Time_Span,5006,5015,,,,,
doorgereden,Mode_of_Transportation,5022,5033,,,,,
des morgens,E52_Time_Span,5036,5047,,,,,
Cassel,E53_Place,5056,5062,Q2865,2892519,,NO REL,"Refers to OTHER people ('andere Heeren') who arrived in Cassel, not the travel group"
Warburg,E53_Place,5101,5108,Q968,2814153,,NEAR,"Refers to the travel group walking NEAR Warburg, not really IN."
wandelingen,Mode_of_Transportation,5122,5133,,,,,
zeer goed rytuig en een span beste paarden,Mode_of_Transportation,5229,5271,,,,,
Gasthofe Desenburg,E18_Physical_Thing,5299,5317,NIL,NIL,,NO REL,Refers to the horses and carriages that was given to the travel group by the 'Kastelein' from Gasthofe Desenburg
de volgende morgen,E52_Time_Span,5331,5349,,,,,
Warburg,E53_Place,5350,5357,Q968,2814153,,FROM,verlieten ... Warburg'
reden,Mode_of_Transportation,5361,5366,,,,,
Dalheim,E53_Place,5383,5390,Q1157899,2939319.0,,THRU,door het dorpje Dalheim'
Desenberg,E18_Physical_Thing,5431,5440,Q1200563,2937965.0,,NEAR,They leave the Desenberg 'on their left hand side' so not really THRU but NEAR. Ambiguous. 
Desenberg,E18_Physical_Thing,5495,5504,Q1200563,2937965.0,,NEAR,omtrend' = NEAR
de geheele achtste brief der wandeling door een gedeelte van Duitschland 1 deel van bladz: 125-136.,F2_Expression,5513,5612,,,,,
Warburg,E53_Place,5701,5708,Q968,2814153,,NEAR,Not in but NEAR (talking about the view while they just left)
Ehrings,E53_Place,5735,5742,Q1657965,2896615,Ihringshausen,NEAR,"Bylangs rydende = NEAR not THRU, but slightly ambiguous"
Libenau,E53_Place,5746,5753,Q505551,2877980,,NEAR,"Bylangs rydende = NEAR not THRU, but slightly ambiguous"
rydende,Mode_of_Transportation,5754,5761,,,,,
Ober,E53_Place,5779,5783,Q1738255,2859873,,NEAR,"kwamen wy voorby =  NEAR not THRU, but slightly ambiguous"
Nider Lichtingen,E53_Place,5792,5808,Q1988004,2863153,,NEAR,"kwamen wy voorby =  NEAR not THRU, but slightly ambiguous"
Hessisch grondgebied,E53_Place,5831,5851,Q20135,2905330,,IN,"bevonden ons op = IN. Arguably also THRU though, since they move through Hessian territory? but they are stopping in Westuffeln, which IN Hessian territory..."
reden,Mode_of_Transportation,5864,5869,,,,,
West-Uffelen,E53_Place,5874,5886,Q1678836,2810034,Westuffeln,TO,They arrived here and stopped for a meal
Cassel,E53_Place,5920,5926,Q2865,2892519,,NO REL,Meta description identifying how far thet are toward Cassel = NO REL
rytuig,Mode_of_Transportation,5975,5981,,,,,
Cassel,E53_Place,6010,6016,Q2865,2892519,,NO REL,Moving TOWARDS but not yet there so NO REL
Meinbids,E53_Place,6184,6192,NIL,NIL,,THRU,gepasseerd = THRU
Kalken,E53_Place,6196,6202,NIL,NIL,,THRU,gepasseerd = THRU
wagen,Mode_of_Transportation,6310,6315,,,,,
Cassel,E53_Place,6379,6385,Q2865,2892519,,NO REL,"Still not there yet: ""lang voordat wij voor Cassel waren"". However, they could sey the Hercules on the octagon from Wilhelmshohe in Kassel? so it could arguably be near..."
Hercules,E18_Physical_Thing,6408,6416,Q321252,,,NEAR,"lang voor wij Cassel bereikten' = not there yet, but they could see it, so NEAR"
octogoon,E18_Physical_Thing,6423,6431,NIL,NIL,Structure in the Bergpark Wilhelmshohe,NEAR,"lang voor wij Cassel bereikten' = not there yet, but they could see it, so NEAR"
Wilhelmhohe,E18_Physical_Thing,6439,6450,Q447441,3207202,,NEAR,"lang voor wij Cassel bereikten' = not there yet, but they could see it, so NEAR"
deezen middag,E52_Time_Span,6460,6473,,,,,
Cassel,E53_Place,6528,6534,Q2865,2892519,,NO REL,Reference to left page
Cassel,E53_Place,6568,6574,Q2865,2892519,,TO,"They arrived in Kassel, finally!"
5 uur,E52_Time_Span,6595,6600,,,,,
logement de Kurfürst,E18_Physical_Thing,6637,6657,NIL,NIL,,IN,Intrek in namen': could be TO or IN...
Cassel,E53_Place,6709,6715,Q2865,2892519,,NO REL,"This Cassel mention refers to how the narrator has 'brought the reader to Cassel', a figure of speech. It does not refer to the travel groups arrival in Cassel, so NO REL"
Cassel,E53_Place,6981,6987,Q2865,2892519,,NO REL,"Again, this mention of Cassel is in dialogue with the reader, not linkable to a travel event. so NO REL"
Cassel,E53_Place,7124,7130,Q2865,2892519,,IN,"He is explaining what notable things are IN Cassel, indiciting his presence inside Cassel"
Museum Fridericianum,E18_Physical_Thing,7237,7257,Q449280,NIL,,IN,He is explaining what notable things are IN the Museum Fridericanum indiciting his presence inside
schilderyen,E19_Physical_Object,7262,7273,,,,,
Parys,E53_Place,7283,7288,Q90,2988507,,NO REL,Refers to where some paintings are from
museum,E18_Physical_Thing,7378,7384,Q449280,NIL,,TO,Aanvang maken naar = TO
het eerste vertrek,E53_Place,7550,7568,NIL,NIL,,IN,Arguably also TO and FROM or THRU
vogeleyeren,E20_Biological_Object,7623,7634,,,,,
"de brieven voornoemd 1 deel bl 167, 168, 169",F2_Expression,7710,7754,,,,,
houtbibliotheek,E53_Place,7768,7783,NIL,NIL,Houtbibliotheek is a room inside the Museum Fridericanum,IN,Arguably also TO and FROM or THRU
Academiesche boekery,E18_Physical_Thing,7861,7881,Q200899,NIL,,NO REL,Library in Groningen
Groningen,E53_Place,7885,7894,Q749,2755251,,NO REL,
stam van eene lauwrierboom,E20_Biological_Object,7922,7948,,,,,
was geboetzeerde vruchten,E20_Biological_Object,7983,8008,,,,,
Tweede Kamer,E53_Place,8064,8076,NIL,NIL,Second room in the Museum Fridericianum,IN,Arguably also TO and FROM or THRU
opgezette vogels,E20_Biological_Object,8099,8115,,,,,
Casuarus,E20_Biological_Object,8137,8145,,,,,
paradysvogels,E20_Biological_Object,8170,8183,,,,,
Lynnaeische Systema,F2_Expression,8209,8228,,,,,
derde Kamer,E53_Place,8261,8272,NIL,NIL,Third room of the Museum Fridericianum,IN,Arguably also TO and FROM or THRU
viervoetige dieren,E20_Biological_Object,8288,8306,,,,,
opgezette en een gesceletteerde olyphant,E20_Biological_Object,8350,8390,,,,,
diergaarde,E53_Place,8438,8448,NIL,NIL,,NEAR,HE is not IN the diergaarrde but is NEAR the museum.
leeuw,E20_Biological_Object,8470,8475,,,,,
tyger,E20_Biological_Object,8477,8482,,,,,
Kaapsche ezel,E20_Biological_Object,8484,8497,,,,,
luipaard,E20_Biological_Object,8499,8507,,,,,
drommedaris,E20_Biological_Object,8509,8520,,,,,
wild zwyn,E20_Biological_Object,8522,8531,,,,,
rendier,E20_Biological_Object,8535,8542,,,,,
galery door eene ry van zuilen ondersteund,E53_Place,8601,8643,NIL,NIL,,IN,Arguably also TO and FROM or THRU
vestibule,E53_Place,8666,8675,NIL,NIL,"Room in museum

",IN,Arguably also TO and FROM or THRU
geheele gebouw,E18_Physical_Thing,8684,8698,,,,NO REL,
Frederikplein,E53_Place,8721,8734,Q1430309,11001975.0,,IN,
veele stukken,E19_Physical_Object,8813,8826,,,,,
Parys,E53_Place,8876,8881,Q90,2988507,,NO REL,
Venus de Medicis,E19_Physical_Object,8956,8972,,,,,
twee worstelaars,E19_Physical_Object,8976,8992,,,,,
antiquen,E19_Physical_Object,9007,9015,,,,,
schoone van Kurk nagemaakte ruines,E19_Physical_Object,9027,9061,,,,,
Palazo di Maecenate,E18_Physical_Thing,9066,9085,NIL,NIL,,NO REL,
Tivoli,E53_Place,9089,9095,Q159605,3165624,,NO REL,
Bagno della nimfa Egeria,E18_Physical_Thing,9101,9125,Q21208527,NIL,,NO REL,
Aristoteles,E19_Physical_Object,9135,9146,,,Expression,,
zaalen,E53_Place,9186,9192,NIL,NIL,Rooms in museum,IN,He implies he is IN here by describing what is indsie!
gebouw voor de vergadering der standen,E18_Physical_Thing,9259,9297,NIL,NIL,,IN,He implies he is IN here by describing what is indsie! (troon voor de Koning)
troon voor de Koning,E19_Physical_Object,9347,9367,,,,,
kamer,E53_Place,9519,9524,NIL,NIL,,IN,Arguably also TO and FROM or THRU
versteeningen,E19_Physical_Object,9529,9542,,,,,
mineralen,E19_Physical_Object,9544,9553,,,,,
schelpen,E20_Biological_Object,9557,9565,,,,,
vertrek,E53_Place,9636,9643,NIL,NIL,,IN,Arguably also TO and FROM or THRU
oude penningen,E19_Physical_Object,9648,9662,,,,,
kleine beeldjes,E19_Physical_Object,9720,9735,,,,,
antiquiteiten,E19_Physical_Object,9737,9750,,,,,
groote verzameling van edelgesteenten,E19_Physical_Object,9760,9797,,,,,
Onyx,E19_Physical_Object,9819,9823,,,Expression,,
kamer,E53_Place,9888,9893,NIL,NIL,,IN,Arguably also TO and FROM or THRU
pretiosa,E19_Physical_Object,9946,9954,,,,,
dingen uit barnsteen gemaakt,E19_Physical_Object,10108,10136,,,,,
kamer,E53_Place,10194,10199,NIL,NIL,,IN,Arguably also TO and FROM or THRU
vesting Rheinfels,E18_Physical_Thing,10211,10228,Q567643,2847637,,NO REL,
mozaiek,E19_Physical_Object,10233,10240,,,,,
vertrek,E53_Place,10260,10267,NIL,NIL,,IN,Arguably also TO and FROM or THRU
klokken,E19_Physical_Object,10279,10286,,,,,
pendules,E19_Physical_Object,10287,10295,,,,,
horlogies,E19_Physical_Object,10299,10308,,,,,
klokken,E19_Physical_Object,10365,10372,,,,,
schilderyen,E19_Physical_Object,10399,10410,,,,,
beeld waarin een uurwerk schoot op zekere tyden een pistool af,E19_Physical_Object,10435,10497,,,,,
laatste kamer,E53_Place,10537,10550,NIL,NIL,,IN,Arguably also TO and FROM or THRU
mosaiek,E19_Physical_Object,10584,10591,,,,,
twee kamers,E53_Place,10656,10667,NIL,NIL,,IN,Arguably also TO and FROM or THRU
breede trap,E18_Physical_Thing,10736,10747,NIL,NIL,,THRU,"they walked up these stairs, so THRU"
oude wapentuigen gevuld een vyftigtal bogen,E19_Physical_Object,10789,10832,,,,,
zwaarden,E19_Physical_Object,10926,10934,,,,,
Heilige Land,E53_Place,11003,11015,Q48175,NIL,,NO REL,
laatste zaal,E53_Place,11110,11122,NIL,NIL,,IN,Arguably also TO and FROM or THRU
19 landgraven & landgravinnen,E19_Physical_Object,11157,11186,,,,,
stoelen,E19_Physical_Object,11277,11284,,,,,
museum,E18_Physical_Thing,11536,11542,Q449280,NIL,,IN,
boekery,E53_Place,11845,11852,NIL,NIL,Library in the Museum Fridericanum,IN,Arguably also TO and FROM or THRU
gebouw,E18_Physical_Thing,11878,11884,Q449280,NIL,refers to the Fridericanum,IN,
locaal,E53_Place,11962,11968,NIL,NIL,,IN,
het 2de deel van de door de Heeren Tydeman & van Campen uitgegevene Mnemosyne,F2_Expression,12246,12323,,,,,
catalogus,E31_Document,12431,12440,,,,,
reaal catalogue,E31_Document,12540,12555,,,,,
reaal catalogus,E31_Document,12779,12794,,,,,
reaal catalogus,E31_Document,12846,12861,,,,,
schilderyen,E19_Physical_Object,13138,13149,,,,,
paleis Bellevue,E18_Physical_Thing,13157,13172,Q1541968,NIL,,IN,
schoone stukken,E19_Physical_Object,13214,13229,,,,,
schoone stukken,E19_Physical_Object,13462,13477,,,,,
stuk,E19_Physical_Object,13509,13513,,,,,
een groot stuk,E19_Physical_Object,13562,13576,,,,,
een stier,F2_Expression,13595,13604,,,,,
een klein strandgezicht,E19_Physical_Object,13630,13653,,,Painting,,
Scheveningen,E53_Place,13658,13670,Q837211,2747599,,NO REL,
"een postillon die, hoe men zich ook plaatste, steeds naar eene andere kant scheen te ryden",F2_Expression,13716,13806,,,,,
Parys,E53_Place,14020,14025,Q90,2988507,,NO REL,
gallery,E53_Place,14054,14061,NIL,NIL,,IN,
2 verdiepingen,E53_Place,14085,14099,NIL,NIL,,NEAR,Not clear on what floor he currently is? so NEAR seems more precise than IN
de ruines van de schildergallery,E53_Place,14175,14207,NIL,NIL,,NEAR,
danszaal,E53_Place,14222,14230,NIL,NIL,,NEAR,
schilderyen,E19_Physical_Object,14302,14313,,,,,
eene Cleopatra,E19_Physical_Object,14459,14473,,,,,
Parys,E53_Place,14492,14497,Q90,2988507,,NO REL,
eene Ariadne,F2_Expression,14545,14557,,,"Refers to the imagery of ""an Ariadne"" not to a physical object. therefore it can",,
Cleopatra,F2_Expression,14686,14695,,,"This refers to the imagery, and therefore expression, while the first mention of",,
Cassel,E53_Place,14764,14770,Q2865,2892519,,NO REL,refers to a painter from Cassel
paleis Belle vue,E18_Physical_Thing,14793,14809,Q1541968,NIL,,IN,It is implied the narrator is inside!
logement de Keurvorst,E18_Physical_Thing,14951,14972,NIL,NIL,,NO REL,He is not currently inside the logement. But it is mentioned hat the Queen slept there NO REL
meubels,E19_Physical_Object,14987,14994,,,,,
groote spiegels,E19_Physical_Object,15110,15125,,,,,
gallery,E53_Place,15132,15139,NIL,NIL,,IN,It is iplied the narrator is in this room in palace Bellevue
marmeren bad,E18_Physical_Thing,15278,15290,Q1902237,NIL,,IN,Implied that narrator is inside by describing what is inside
Orangerie,E18_Physical_Thing,15301,15310,Q2028171,NIL,,IN,Implied that narrator is inside by describing what is inside
gebouw,E18_Physical_Thing,15368,15374,NIL,NIL,,IN,Implied that narrator is inside by describing what is inside
vierkant vertrek,E53_Place,15510,15526,NIL,NIL,room in the orangerie,IN,
vloeren,E18_Physical_Thing,15538,15545,NIL,NIL,,THRU,"Little bit of an ambigious entity, i guess you go THRU the floors when walking over them?"
muren,E18_Physical_Thing,15547,15552,NIL,NIL,,NEAR,
vercierselen,E19_Physical_Object,15556,15568,,,,,
Het bad,E18_Physical_Thing,15659,15666,Q1902237,NIL,,IN,
acht Corintische pylaren,E18_Physical_Thing,15729,15753,NIL,NIL,,NEAR,
koepel,E18_Physical_Thing,15770,15776,NIL,NIL,,NEAR,"Not are not really IN a dome, more underneath it? so NEAR"
de reizen,F2_Expression,15859,15868,,,,,
bladzyde 162 en 163,F2_Expression,15903,15922,,,,,
kanon kogel,E19_Physical_Object,16097,16108,,,,,
30 september 1813,E52_Time_Span,16132,16149,,,,,
schoone gebouw,E18_Physical_Thing,16194,16208,Q2028171,NIL,Refers to Orangerie Kassel,NO REL,Mentioned i  context of a different event. Not a travel event
uitgeschotene hoek,E19_Physical_Object,16298,16316,,,,,
30 september 1813,E52_Time_Span,16328,16345,,,,,
gebouw,E18_Physical_Thing,16366,16372,NIL,NIL,,NEAR,"Describes the proximity of the Karlsaue to the palace. He is later inside the Karlsasue, so probably NEAR is correct"
Aue,E53_Place,16385,16388,Q878589,2892914,,IN,
Aue-Garten,E53_Place,16392,16402,Q878589,2892914,,IN,
lange linden allee,E53_Place,16468,16486,NIL,NIL,,THRU,Walked over to the 'vyver'
vyver,E18_Physical_Thing,16544,16549,NIL,NIL,,NEAR,Narrators are not arguably not IN the lake for a swim... so NEAR
kerken,E18_Physical_Thing,16666,16672,NIL,NIL,,NO REL,"generic mentions of the Churches of Cassel. indicating he is there. (although this could be implied from context, so maybe NEAR)"
Roomsche kerk,E18_Physical_Thing,16766,16779,NIL,NIL,,IN,Context implies he is going inside; he sees the organ inside the church
logement,E18_Physical_Thing,16794,16802,NIL,NIL,,NEAR,"The Roomsche kerk , where the narrator is, is close to the 'logement' so NEAR"
ronden koepel,E18_Physical_Thing,16873,16886,NIL,NIL,,NEAR,"He is not IN the dome but underneath it, so NEAR"
kolommen,E18_Physical_Thing,16896,16904,NIL,NIL,,NEAR,
galery,E53_Place,16933,16939,NIL,NIL,,NEAR,
orgel,E19_Physical_Object,16951,16956,,,,,
galery,E53_Place,16980,16986,NIL,NIL,,NEAR,
colommen,E18_Physical_Thing,16998,17006,NIL,NIL,,NEAR,
koepelvormige dak,E18_Physical_Thing,17017,17034,NIL,NIL,,NEAR,
marmeren hoogaltaar,E18_Physical_Thing,17053,17072,NIL,NIL,,NEAR,
drie circelvormige trappen,E18_Physical_Thing,17076,17102,NIL,NIL,,NEAR,
de koepel,E18_Physical_Thing,17113,17122,NIL,NIL,,NEAR,
schilderyen,E19_Physical_Object,17164,17175,,,,,
kerk,E18_Physical_Thing,17202,17206,NIL,NIL,,IN,Narraotr talks about works of TIschbein IN the church
Brüder,E18_Physical_Thing,17283,17289,Q15106410,NIL,Bruderkerk,IN,"They 'saw' it, which very likely means the were IN the churches"
Domkerk,E18_Physical_Thing,17296,17303,Q2776250,NIL,Martinskirche,IN,"They saw it, which very likely means the were IN the churches"
tombes,E53_Place,17328,17334,NIL,NIL,Room inside church (spatial = place),IN,"They saw it, which very likely means the were IN the churches"
6 groote schilden,E19_Physical_Object,17390,17407,,,,,
1814,E52_Time_Span,17452,17456,,,,,
"Cassels söhne die sich im Jahre 1812 dem Vaterlande, unter anführung des tapferen Kurprinses, weiheten.",F2_Expression,17510,17613,,,,,
Jahre 1812,E52_Time_Span,17536,17546,,,,,
Vaterlande,E53_Place,17551,17561,Q183,2921044,,NO REL,
zevende schild,E19_Physical_Object,17649,17663,,,,,
Kweekschool voor onderwyzers,E18_Physical_Thing,17693,17721,NIL,NIL,,IN,
1809,E52_Time_Span,17975,17979,,,,,
brief,F2_Expression,18005,18010,,,,,
bladzyde 170-188 van het eerste deel,F2_Expression,18052,18088,,,,,
Comedie,E18_Physical_Thing,18310,18317,Q63039258,NIL,,IN,
loge,E53_Place,18378,18382,NIL,NIL,"Room in the Comedie, so its an extent of space and therefore a E53 Place",NEAR,
toneel,E53_Place,18391,18397,NIL,NIL,Room inside the comedie,NEAR,
twintig jaar,E52_Time_Span,18786,18798,,,,,
een groot driekantige hoed,E19_Physical_Object,18882,18908,,,,,
vervaarlyke stokken,E19_Physical_Object,18994,19013,,,,,
zwane ey,E20_Biological_Object,19144,19152,,,,,
observatorium,E18_Physical_Thing,19270,19283,NIL,NIL,,NO REL,They were not able to visit!
Wilhelms Brücke,E18_Physical_Thing,19440,19455,NIL,NIL,http://www.kasselwiki.de/index.php?title=Wilhelmsbr%C3%BCcke,NO REL,reference to left page
Cassel,E53_Place,19459,19465,Q2865,2892519,,NO REL,reference to left page
Göttingen,E53_Place,19498,19507,Q3033,2918632,,NO REL,Future destination
Cassel,E53_Place,19565,19571,Q2865,2892519,,NO REL,"Dialogue with the reader, figure of speech about having walked been through cassel 'together'"
Fulda,E53_Place,19793,19798,Q6434,NIL,,NEAR,"Narrator does not explicitly say that he visited the Fulda, but he is in Cassel so he is NEAR"
Wilhelmsbrug,E18_Physical_Thing,19860,19872,NIL,NIL,http://www.kasselwiki.de/index.php?title=Wilhelmsbr%C3%BCcke,NEAR,
in 1788 begonnen en in 1794 voltooid,E52_Time_Span,19947,19983,,,,,
Cassel,E53_Place,20061,20067,Q2865,2892519,,NO REL,"refers to the squares that are in cassel, no relation to travel group"
Leipsicher plein,E53_Place,20115,20131,Q100507321,NIL,Leipziger Platz,IN,
Leipsicher poort,E18_Physical_Thing,20147,20163,NIL,NIL,,IN,
paradeplaats,E53_Place,20168,20180,NIL,NIL,,IN,
Kasern plaats,E53_Place,20187,20200,NIL,NIL,,IN,
coffyhuis,E18_Physical_Thing,20301,20310,NIL,NIL,,IN,
4 bovenkamers,E53_Place,20329,20342,NIL,NIL,,IN,
Frederiksplein,E53_Place,20421,20435,Q1430309,11001975,,IN,
dubbele linden allee,E53_Place,20527,20547,NIL,NIL,,NEAR,"Not mentioned he walked over this road neccesrially. For the squares, it is easier to imply he has visited."
Koningsplein,E53_Place,20553,20565,Q1796444,NIL,königsplatz,IN,
Karelsplein,E53_Place,20658,20669,Q100509241,NIL,,IN,
marmeren beeld van den landgraaf Karel,E18_Physical_Thing,20745,20783,Q117323794,NIL,,NEAR,
einde der 17de Eeuw,E52_Time_Span,20795,20814,,,,,
boven nieuw stad,E53_Place,20833,20849,Q15123313,NIL,Oberneustadt (Kassel),IN,
Franryk,E53_Place,20862,20869,Q142,3017382,,NO REL,
Edict van Nantes,E31_Document,20896,20912,,,,,
standbeelden van andere landgraven,E18_Physical_Thing,21008,21042,NIL,NIL,,NEAR,
Cassel,E53_Place,21155,21161,Q2865,2892519,,NO REL,descriptive for the streets mentioned
Konings,E53_Place,21169,21176,NIL,NIL,Konings straat,IN,"He calls these streets the most beuatiful, so we assume he was IN these streets"
Bellevue straat,E53_Place,21183,21198,NIL,NIL,,IN,"He calls these streets the most beuatiful, so we assume he was IN these streets"
boven nieuwstad,E53_Place,21211,21226,Q15123313,NIL,Oberneustadt Kassel,IN,
Wilhelmshöhe,E18_Physical_Thing,21360,21372,Q447441,3207202,,NO REL,
Göttingen,E53_Place,21389,21398,Q3033,2918632,,NO REL,