Scan Number,Page Number
1,I
2,II
3,III
4,IV
5,V
6,VI
7,VII
8,VIII
9,IX
10,XII
11,XIII
12,XIV
13,XV
14,XVI
15,XVII
16,XVIII
17,XIX
19,1
21,2
23,3
25,4
27,5
29,6
31,7
33,8
35,9
37,10
39,11
41,12
43,13
45,14
47,15
49,16
51,17
53,18
55,19
57,20
59,21
61,22
63,23
65,24
67,25
69,26
71,27
73,28
75,29
77,30
79,31
81,32
83,33
85,34
87,35
89,36
91,37
93,38
95,39
97,40
99,41
101,42
103,43
105,44
107,45
109,46
111,47
113,49
115,50
117,52
119,53
121,54
123,55
125,56
127,57
129,58
131,59
133,60
135,61
137,62
139,63
141,64
143,65
145,66
149,67
151,68
153,69
155,70
157,71
159,72
161,73
163,74
165,75
167,76
169,77
171,78
173,79
175,80
177,82
179,83
181,84
183,85
185,86
187,87
189,88
191,88
193,90
195,91
197,92
199,93
201,94
203,95
205,96
207,97
209,98
211,99
213,100
215,101
217,102
219,103
221,104
223,105
225,106
227,107
229,108
231,109
233,110
235,111
237,112
239,113
241,114
243,115
245,116
247,117
249,118
251,119
253,120
255,121
257,122
259,123
261,124
263,125
265,126
267,127
269,128
271,129
273,131
275,132
277,135
279,136
281,137
283,138
285,139
287,140
289,141
291,142
293,143
295,145
297,146
299,147
301,148
303,149
305,150
307,151
309,152
311,153
313,154
315,155
317,156
319,157
321,159
323,160
325,161
327,162
329,163
331,164
333,165
335,166
337,167
339,168
341,169
343,170
345,171
347,172
349,173
351,174
353,175
355,176
357,177
359,178
361,179
363,180
365,181
367,183
369,184
371,185
373,186
375,187
377,188
379,189
381,190
383,191
385,192
387,193
389,194
391,195
393,196
395,197